fecha_descarga,periodo,socio_comercial,codigo_producto,valor_usd,peso_neto_kg
2026-08-31T22:19:27.919602,202401,Espana,0803,1882.99,662.0
2026-08-31T22:19:27.919634,202401,PaisesBajos,0803,3214.98,726.6
2026-08-31T22:19:27.919647,202401,Espana,0803,1882.99,662.0
2026-08-31T22:19:27.919655,202401,PaisesBajos,0803,3214.98,726.6
2026-08-31T22:19:27.919679,202401,Espana,0803,1107825.56,1807578.0
2026-08-31T22:19:27.919695,202401,PaisesBajos,0803,21375428.71,33273168.3
2026-08-31T22:19:27.919718,202401,Espana,0803,1107825.56,1807578.0
2026-08-31T22:19:27.919729,202401,PaisesBajos,0803,21375428.71,33273168.3
2026-08-31T22:19:27.919752,202401,Espana,0803,1109708.55,1808240.0
2026-08-31T22:19:27.919762,202401,PaisesBajos,0803,21378643.69,33273894.9
2026-08-31T22:19:27.919782,202401,Espana,0803,1109708.55,1808240.0
2026-08-31T22:19:27.919792,202401,PaisesBajos,0803,21378643.69,33273894.9
2026-08-31T22:19:27.919805,202401,Espana,0803,1882.99,662.0
2026-08-31T22:19:27.919812,202401,PaisesBajos,0803,3214.98,726.6
2026-08-31T22:19:27.919819,202401,Espana,0803,1882.99,662.0
2026-08-31T22:19:27.919825,202401,PaisesBajos,0803,3214.98,726.6
2026-08-31T22:19:27.919846,202401,Espana,0803,1107825.56,1807578.0
2026-08-31T22:19:27.919857,202401,PaisesBajos,0803,21375428.71,33273168.3
2026-08-31T22:19:27.919878,202401,Espana,0803,1107825.56,1807578.0
2026-08-31T22:19:27.919888,202401,PaisesBajos,0803,21375428.71,33273168.3
2026-08-31T22:19:27.919911,202401,Espana,0803,1109708.55,1808240.0
2026-08-31T22:19:27.919920,202401,PaisesBajos,0803,21378643.69,33273894.9
2026-08-31T22:19:27.919943,202401,Espana,0803,1109708.55,1808240.0
2026-08-31T22:19:27.919953,202401,PaisesBajos,0803,21378643.69,33273894.9
2026-08-31T22:19:35.853070,202402,PaisesBajos,0803,2399.14,662.0
2026-08-31T22:19:35.853092,202402,Espana,0803,1036.8,428.0
2026-08-31T22:19:35.853098,202402,PaisesBajos,0803,2399.14,662.0
2026-08-31T22:19:35.853103,202402,Espana,0803,1036.8,428.0
2026-08-31T22:19:35.853111,202402,PaisesBajos,0803,32377403.121,38661825.8
2026-08-31T22:19:35.853121,202402,Espana,0803,1337053.77,1771535.0
2026-08-31T22:19:35.853131,202402,PaisesBajos,0803,32377403.121,38661825.8
2026-08-31T22:19:35.853141,202402,Espana,0803,1337053.77,1771535.0
2026-08-31T22:19:35.853148,202402,Espana,0803,1338090.57,1771963.0
2026-08-31T22:19:35.853155,202402,PaisesBajos,0803,32379802.261,38662487.8
2026-08-31T22:19:35.853168,202402,PaisesBajos,0803,32379802.261,38662487.8
2026-08-31T22:19:35.853178,202402,Espana,0803,1338090.57,1771963.0
2026-08-31T22:19:35.853185,202402,PaisesBajos,0803,2399.14,662.0
2026-08-31T22:19:35.853190,202402,Espana,0803,1036.8,428.0
2026-08-31T22:19:35.853194,202402,PaisesBajos,0803,2399.14,662.0
2026-08-31T22:19:35.853199,202402,Espana,0803,1036.8,428.0
2026-08-31T22:19:35.853207,202402,PaisesBajos,0803,32377403.121,38661825.8
2026-08-31T22:19:35.853215,202402,Espana,0803,1337053.77,1771535.0
2026-08-31T22:19:35.853224,202402,PaisesBajos,0803,32377403.121,38661825.8
2026-08-31T22:19:35.853233,202402,Espana,0803,1337053.77,1771535.0
2026-08-31T22:19:35.853240,202402,Espana,0803,1338090.57,1771963.0
2026-08-31T22:19:35.853247,202402,PaisesBajos,0803,32379802.261,38662487.8
2026-08-31T22:19:35.853260,202402,PaisesBajos,0803,32379802.261,38662487.8
2026-08-31T22:19:35.853271,202402,Espana,0803,1338090.57,1771963.0
2026-08-31T22:19:43.313879,202403,PaisesBajos,0803,1874.64,730.8
2026-08-31T22:19:43.313908,202403,Espana,0803,1986.0,660.0
2026-08-31T22:19:43.313918,202403,PaisesBajos,0803,1874.64,730.8
2026-08-31T22:19:43.313927,202403,Espana,0803,1986.0,660.0
2026-08-31T22:19:43.313943,202403,PaisesBajos,0803,30641568.22,45414641.1
2026-08-31T22:19:43.313960,202403,Espana,0803,1961827.47,2906116.0
2026-08-31T22:19:43.313983,202403,PaisesBajos,0803,30641568.22,45414641.1
2026-08-31T22:19:43.313999,202403,Espana,0803,1961827.47,2906116.0
2026-08-31T22:19:43.314015,202403,Espana,0803,1963813.47,2906776.0
2026-08-31T22:19:43.314030,202403,PaisesBajos,0803,30643442.86,45415371.9
2026-08-31T22:19:43.314086,202403,PaisesBajos,0803,30643442.86,45415371.9
2026-08-31T22:19:43.314105,202403,Espana,0803,1963813.47,2906776.0
2026-08-31T22:19:43.314120,202403,PaisesBajos,0803,1874.64,730.8
2026-08-31T22:19:43.314128,202403,Espana,0803,1986.0,660.0
2026-08-31T22:19:43.314136,202403,PaisesBajos,0803,1874.64,730.8
2026-08-31T22:19:43.314143,202403,Espana,0803,1986.0,660.0
2026-08-31T22:19:43.314156,202403,PaisesBajos,0803,30641568.22,45414641.1
2026-08-31T22:19:43.314169,202403,Espana,0803,1961827.47,2906116.0
2026-08-31T22:19:43.314186,202403,PaisesBajos,0803,30641568.22,45414641.1
2026-08-31T22:19:43.314199,202403,Espana,0803,1961827.47,2906116.0
2026-08-31T22:19:43.314211,202403,Espana,0803,1963813.47,2906776.0
2026-08-31T22:19:43.314222,202403,PaisesBajos,0803,30643442.86,45415371.9
2026-08-31T22:19:43.314243,202403,PaisesBajos,0803,30643442.86,45415371.9
2026-08-31T22:19:43.314260,202403,Espana,0803,1963813.47,2906776.0
2026-08-31T22:19:58.164341,202405,Espana,0803,2395291.3,2507918.6
2026-08-31T22:19:58.164371,202405,PaisesBajos,0803,26282826.41,36906548.7
2026-08-31T22:19:58.164385,202405,Espana,0803,2395291.3,2507918.6
2026-08-31T22:19:58.164392,202405,PaisesBajos,0803,26282826.41,36906548.7
2026-08-31T22:19:58.164403,202405,Espana,0803,718.2,222.0
2026-08-31T22:19:58.164407,202405,PaisesBajos,0803,503.96,223.4
2026-08-31T22:19:58.164411,202405,Espana,0803,718.2,222.0
2026-08-31T22:19:58.164415,202405,PaisesBajos,0803,503.96,223.4
2026-08-31T22:19:58.164421,202405,Espana,0803,2396009.5,2508140.6
2026-08-31T22:19:58.164428,202405,PaisesBajos,0803,26283330.37,36906772.1
2026-08-31T22:19:58.164440,202405,Espana,0803,2396009.5,2508140.6
2026-08-31T22:19:58.164446,202405,PaisesBajos,0803,26283330.37,36906772.1
2026-08-31T22:19:58.164458,202405,Espana,0803,718.2,222.0
2026-08-31T22:19:58.164462,202405,PaisesBajos,0803,503.96,223.4
2026-08-31T22:19:58.164466,202405,Espana,0803,718.2,222.0
2026-08-31T22:19:58.164470,202405,PaisesBajos,0803,503.96,223.4
2026-08-31T22:19:58.164476,202405,Espana,0803,2395291.3,2507918.6
2026-08-31T22:19:58.164484,202405,PaisesBajos,0803,26282826.41,36906548.7
2026-08-31T22:19:58.164495,202405,Espana,0803,2395291.3,2507918.6
2026-08-31T22:19:58.164502,202405,PaisesBajos,0803,26282826.41,36906548.7
2026-08-31T22:19:58.164512,202405,Espana,0803,2396009.5,2508140.6
2026-08-31T22:19:58.164518,202405,PaisesBajos,0803,26283330.37,36906772.1
2026-08-31T22:19:58.164527,202405,Espana,0803,2396009.5,2508140.6
2026-08-31T22:19:58.164534,202405,PaisesBajos,0803,26283330.37,36906772.1
2026-08-31T22:20:05.398407,202406,Espana,0803,4286.7,1757.0
2026-08-31T22:20:05.398435,202406,PaisesBajos,0803,10976.0,2500.0
2026-08-31T22:20:05.398440,202406,Espana,0803,4286.7,1757.0
2026-08-31T22:20:05.398445,202406,PaisesBajos,0803,10976.0,2500.0
2026-08-31T22:20:05.398453,202406,Espana,0803,2868075.79,3481525.0
2026-08-31T22:20:05.398461,202406,PaisesBajos,0803,23837706.46,32519582.48
2026-08-31T22:20:05.398473,202406,Espana,0803,2868075.79,3481525.0
2026-08-31T22:20:05.398480,202406,PaisesBajos,0803,23837706.46,32519582.48
2026-08-31T22:20:05.398491,202406,Espana,0803,2872362.49,3483282.0
2026-08-31T22:20:05.398498,202406,PaisesBajos,0803,23848682.46,32522082.48
2026-08-31T22:20:05.398510,202406,Espana,0803,2872362.49,3483282.0
2026-08-31T22:20:05.398516,202406,PaisesBajos,0803,23848682.46,32522082.48
2026-08-31T22:20:05.398526,202406,PaisesBajos,0803,10976.0,2500.0
2026-08-31T22:20:05.398530,202406,Espana,0803,4286.7,1757.0
2026-08-31T22:20:05.398534,202406,PaisesBajos,0803,10976.0,2500.0
2026-08-31T22:20:05.398537,202406,Espana,0803,4286.7,1757.0
2026-08-31T22:20:05.398545,202406,PaisesBajos,0803,23837706.46,32519582.48
2026-08-31T22:20:05.398550,202406,Espana,0803,2868075.79,3481525.0
2026-08-31T22:20:05.398561,202406,PaisesBajos,0803,23837706.46,32519582.48
2026-08-31T22:20:05.398566,202406,Espana,0803,2868075.79,3481525.0
2026-08-31T22:20:05.398578,202406,PaisesBajos,0803,23848682.46,32522082.48
2026-08-31T22:20:05.398583,202406,Espana,0803,2872362.49,3483282.0
2026-08-31T22:20:05.398594,202406,PaisesBajos,0803,23848682.46,32522082.48
2026-08-31T22:20:05.398599,202406,Espana,0803,2872362.49,3483282.0
2026-08-31T22:20:14.924349,202407,Espana,0803,92965.5,29305.0
2026-08-31T22:20:14.924393,202407,PaisesBajos,0803,10707.0,2275.0
2026-08-31T22:20:14.924401,202407,Espana,0803,92965.5,29305.0
2026-08-31T22:20:14.924410,202407,PaisesBajos,0803,10707.0,2275.0
2026-08-31T22:20:14.924417,202407,Espana,0803,2012720.85,3624596.0
2026-08-31T22:20:14.924445,202407,PaisesBajos,0803,23433139.06,31820437.48
2026-08-31T22:20:14.924459,202407,Espana,0803,2012720.85,3624596.0
2026-08-31T22:20:14.924479,202407,PaisesBajos,0803,23433139.06,31820437.48
2026-08-31T22:20:14.924492,202407,Espana,0803,2105686.35,3653901.0
2026-08-31T22:20:14.924513,202407,PaisesBajos,0803,23443846.06,31822712.48
2026-08-31T22:20:14.924537,202407,PaisesBajos,0803,23443846.06,31822712.48
2026-08-31T22:20:14.924547,202407,Espana,0803,2105686.35,3653901.0
2026-08-31T22:20:14.924560,202407,PaisesBajos,0803,10707.0,2275.0
2026-08-31T22:20:14.924566,202407,Espana,0803,92965.5,29305.0
2026-08-31T22:20:14.924574,202407,PaisesBajos,0803,10707.0,2275.0
2026-08-31T22:20:14.924580,202407,Espana,0803,92965.5,29305.0
2026-08-31T22:20:14.924594,202407,PaisesBajos,0803,23433139.06,31820437.48
2026-08-31T22:20:14.924603,202407,Espana,0803,2012720.85,3624596.0
2026-08-31T22:20:14.924623,202407,PaisesBajos,0803,23433139.06,31820437.48
2026-08-31T22:20:14.924631,202407,Espana,0803,2012720.85,3624596.0
2026-08-31T22:20:14.924646,202407,Espana,0803,2105686.35,3653901.0
2026-08-31T22:20:14.924659,202407,PaisesBajos,0803,23443846.06,31822712.48
2026-08-31T22:20:14.924682,202407,PaisesBajos,0803,23443846.06,31822712.48
2026-08-31T22:20:14.924698,202407,Espana,0803,2105686.35,3653901.0
2026-08-31T22:20:22.372887,202408,PaisesBajos,0803,10707.0,2275.0
2026-08-31T22:20:22.372907,202408,Espana,0803,2965.5,1305.0
2026-08-31T22:20:22.372914,202408,PaisesBajos,0803,10707.0,2275.0
2026-08-31T22:20:22.372918,202408,Espana,0803,2965.5,1305.0
2026-08-31T22:20:22.372923,202408,PaisesBajos,0803,30106976.62,37545193.1
2026-08-31T22:20:22.372937,202408,Espana,0803,1561580.52,2489051.0
2026-08-31T22:20:22.372944,202408,PaisesBajos,0803,30106976.62,37545193.1
2026-08-31T22:20:22.372957,202408,Espana,0803,1561580.52,2489051.0
2026-08-31T22:20:22.372962,202408,Espana,0803,1564546.02,2490356.0
2026-08-31T22:20:22.372967,202408,PaisesBajos,0803,30117683.62,37547468.1
2026-08-31T22:20:22.372981,202408,PaisesBajos,0803,30117683.62,37547468.1
2026-08-31T22:20:22.372994,202408,Espana,0803,1564546.02,2490356.0
2026-08-31T22:20:22.373001,202408,Espana,0803,2965.5,1305.0
2026-08-31T22:20:22.373006,202408,PaisesBajos,0803,10707.0,2275.0
2026-08-31T22:20:22.373010,202408,Espana,0803,2965.5,1305.0
2026-08-31T22:20:22.373014,202408,PaisesBajos,0803,10707.0,2275.0
2026-08-31T22:20:22.373023,202408,Espana,0803,1561580.52,2489051.0
2026-08-31T22:20:22.373030,202408,PaisesBajos,0803,30106976.62,37545193.1
2026-08-31T22:20:22.373056,202408,Espana,0803,1561580.52,2489051.0
2026-08-31T22:20:22.373063,202408,PaisesBajos,0803,30106976.62,37545193.1
2026-08-31T22:20:22.373068,202408,Espana,0803,1564546.02,2490356.0
2026-08-31T22:20:22.373080,202408,PaisesBajos,0803,30117683.62,37547468.1
2026-08-31T22:20:22.373092,202408,PaisesBajos,0803,30117683.62,37547468.1
2026-08-31T22:20:22.373098,202408,Espana,0803,1564546.02,2490356.0
2026-08-31T22:20:29.769743,202409,PaisesBajos,0803,1125.55,619.0
2026-08-31T22:20:29.769766,202409,Espana,0803,1516.0,420.0
2026-08-31T22:20:29.769772,202409,PaisesBajos,0803,1125.55,619.0
2026-08-31T22:20:29.769777,202409,Espana,0803,1516.0,420.0
2026-08-31T22:20:29.769789,202409,PaisesBajos,0803,20546694.73,31638527.1
2026-08-31T22:20:29.769794,202409,Espana,0803,2429097.52,3899539.2
2026-08-31T22:20:29.769810,202409,PaisesBajos,0803,20546694.73,31638527.1
2026-08-31T22:20:29.769815,202409,Espana,0803,2429097.52,3899539.2
2026-08-31T22:20:29.769830,202409,PaisesBajos,0803,20547820.28,31639146.1
2026-08-31T22:20:29.769835,202409,Espana,0803,2430613.52,3899959.2
2026-08-31T22:20:29.769848,202409,PaisesBajos,0803,20547820.28,31639146.1
2026-08-31T22:20:29.769853,202409,Espana,0803,2430613.52,3899959.2
2026-08-31T22:20:29.769864,202409,PaisesBajos,0803,1125.55,619.0
2026-08-31T22:20:29.769869,202409,Espana,0803,1516.0,420.0
2026-08-31T22:20:29.769873,202409,PaisesBajos,0803,1125.55,619.0
2026-08-31T22:20:29.769877,202409,Espana,0803,1516.0,420.0
2026-08-31T22:20:29.769885,202409,PaisesBajos,0803,20546694.73,31638527.1
2026-08-31T22:20:29.769895,202409,Espana,0803,2429097.52,3899539.2
2026-08-31T22:20:29.769904,202409,PaisesBajos,0803,20546694.73,31638527.1
2026-08-31T22:20:29.769912,202409,Espana,0803,2429097.52,3899539.2
2026-08-31T22:20:29.769921,202409,PaisesBajos,0803,20547820.28,31639146.1
2026-08-31T22:20:29.769930,202409,Espana,0803,2430613.52,3899959.2
2026-08-31T22:20:29.769938,202409,PaisesBajos,0803,20547820.28,31639146.1
2026-08-31T22:20:29.769947,202409,Espana,0803,2430613.52,3899959.2
2026-08-31T22:20:37.057439,202410,Espana,0803,2965.5,1305.0
2026-08-31T22:20:37.057462,202410,PaisesBajos,0803,23148.0,4664.0
2026-08-31T22:20:37.057468,202410,Espana,0803,2965.5,1305.0
2026-08-31T22:20:37.057473,202410,PaisesBajos,0803,23148.0,4664.0
2026-08-31T22:20:37.057484,202410,Espana,0803,1452443.26,2352841.0
2026-08-31T22:20:37.057490,202410,PaisesBajos,0803,24802922.761,32538775.6
2026-08-31T22:20:37.057505,202410,Espana,0803,1452443.26,2352841.0
2026-08-31T22:20:37.057511,202410,PaisesBajos,0803,24802922.761,32538775.6
2026-08-31T22:20:37.057525,202410,Espana,0803,1455408.76,2354146.0
2026-08-31T22:20:37.057531,202410,PaisesBajos,0803,24826070.761,32543439.6
2026-08-31T22:20:37.057543,202410,Espana,0803,1455408.76,2354146.0
2026-08-31T22:20:37.057549,202410,PaisesBajos,0803,24826070.761,32543439.6
2026-08-31T22:20:37.057561,202410,PaisesBajos,0803,23148.0,4664.0
2026-08-31T22:20:37.057565,202410,Espana,0803,2965.5,1305.0
2026-08-31T22:20:37.057569,202410,PaisesBajos,0803,23148.0,4664.0
2026-08-31T22:20:37.057573,202410,Espana,0803,2965.5,1305.0
2026-08-31T22:20:37.057581,202410,PaisesBajos,0803,24802922.761,32538775.6
2026-08-31T22:20:37.057587,202410,Espana,0803,1452443.26,2352841.0
2026-08-31T22:20:37.057599,202410,PaisesBajos,0803,24802922.761,32538775.6
2026-08-31T22:20:37.057604,202410,Espana,0803,1452443.26,2352841.0
2026-08-31T22:20:37.057618,202410,PaisesBajos,0803,24826070.761,32543439.6
2026-08-31T22:20:37.057623,202410,Espana,0803,1455408.76,2354146.0
2026-08-31T22:20:37.057634,202410,PaisesBajos,0803,24826070.761,32543439.6
2026-08-31T22:20:37.057640,202410,Espana,0803,1455408.76,2354146.0
2026-08-31T22:20:44.511948,202411,Espana,0803,10078.2,4230.0
2026-08-31T22:20:44.511979,202411,PaisesBajos,0803,28178.0,5216.0
2026-08-31T22:20:44.511987,202411,Espana,0803,10078.2,4230.0
2026-08-31T22:20:44.511994,202411,PaisesBajos,0803,28178.0,5216.0
2026-08-31T22:20:44.512010,202411,Espana,0803,1054300.17,1857357.4
2026-08-31T22:20:44.512021,202411,PaisesBajos,0803,28627691.65,39558208.6
2026-08-31T22:20:44.512070,202411,Espana,0803,1054300.17,1857357.4
2026-08-31T22:20:44.512080,202411,PaisesBajos,0803,28627691.65,39558208.6
2026-08-31T22:20:44.512101,202411,Espana,0803,1064378.37,1861587.4
2026-08-31T22:20:44.512111,202411,PaisesBajos,0803,28655869.65,39563424.6
2026-08-31T22:20:44.512131,202411,Espana,0803,1064378.37,1861587.4
2026-08-31T22:20:44.512141,202411,PaisesBajos,0803,28655869.65,39563424.6
2026-08-31T22:20:44.512160,202411,Espana,0803,10078.2,4230.0
2026-08-31T22:20:44.512167,202411,PaisesBajos,0803,28178.0,5216.0
2026-08-31T22:20:44.512174,202411,Espana,0803,10078.2,4230.0
2026-08-31T22:20:44.512181,202411,PaisesBajos,0803,28178.0,5216.0
2026-08-31T22:20:44.512188,202411,Espana,0803,1054300.17,1857357.4
2026-08-31T22:20:44.512198,202411,PaisesBajos,0803,28627691.65,39558208.6
2026-08-31T22:20:44.512220,202411,Espana,0803,1054300.17,1857357.4
2026-08-31T22:20:44.512230,202411,PaisesBajos,0803,28627691.65,39558208.6
2026-08-31T22:20:44.512249,202411,Espana,0803,1064378.37,1861587.4
2026-08-31T22:20:44.512259,202411,PaisesBajos,0803,28655869.65,39563424.6
2026-08-31T22:20:44.512279,202411,Espana,0803,1064378.37,1861587.4
2026-08-31T22:20:44.512289,202411,PaisesBajos,0803,28655869.65,39563424.6
2026-08-31T22:20:52.603648,202412,Espana,0803,5092.14,1791.0
2026-08-31T22:20:52.603673,202412,PaisesBajos,0803,19264.0,3670.0
2026-08-31T22:20:52.603680,202412,Espana,0803,5092.14,1791.0
2026-08-31T22:20:52.603684,202412,PaisesBajos,0803,19264.0,3670.0
2026-08-31T22:20:52.603696,202412,Espana,0803,1403694.77,2525360.4
2026-08-31T22:20:52.603702,202412,PaisesBajos,0803,29867253.93,36067728.24
2026-08-31T22:20:52.603715,202412,Espana,0803,1403694.77,2525360.4
2026-08-31T22:20:52.603721,202412,PaisesBajos,0803,29867253.93,36067728.24
2026-08-31T22:20:52.603734,202412,Espana,0803,1408786.91,2527151.4
2026-08-31T22:20:52.603738,202412,PaisesBajos,0803,29886517.93,36071398.24
2026-08-31T22:20:52.603750,202412,Espana,0803,1408786.91,2527151.4
2026-08-31T22:20:52.603756,202412,PaisesBajos,0803,29886517.93,36071398.24
2026-08-31T22:20:52.603765,202412,PaisesBajos,0803,19264.0,3670.0
2026-08-31T22:20:52.603768,202412,Espana,0803,5092.14,1791.0
2026-08-31T22:20:52.603773,202412,PaisesBajos,0803,19264.0,3670.0
2026-08-31T22:20:52.603777,202412,Espana,0803,5092.14,1791.0
2026-08-31T22:20:52.603787,202412,PaisesBajos,0803,29886517.93,36071398.24
2026-08-31T22:20:52.603791,202412,Espana,0803,1408786.91,2527151.4
2026-08-31T22:20:52.603805,202412,PaisesBajos,0803,29886517.93,36071398.24
2026-08-31T22:20:52.603809,202412,Espana,0803,1408786.91,2527151.4
2026-08-31T22:20:52.603821,202412,PaisesBajos,0803,29867253.93,36067728.24
2026-08-31T22:20:52.603826,202412,Espana,0803,1403694.77,2525360.4
2026-08-31T22:20:52.603838,202412,PaisesBajos,0803,29867253.93,36067728.24
2026-08-31T22:20:52.603842,202412,Espana,0803,1403694.77,2525360.4
2026-08-31T22:21:00.008604,202601,PaisesBajos,0803,887.44,315.0
2026-08-31T22:21:00.008628,202601,Espana,0803,25231.5,11025.0
2026-08-31T22:21:00.008636,202601,PaisesBajos,0803,887.44,315.0
2026-08-31T22:21:00.008640,202601,Espana,0803,25231.5,11025.0
2026-08-31T22:21:00.008656,202601,PaisesBajos,0803,38638873.66,49635806.86
2026-08-31T22:21:00.008667,202601,Espana,0803,5924437.47,6712013.34
2026-08-31T22:21:00.008686,202601,PaisesBajos,0803,38638873.66,49635806.86
2026-08-31T22:21:00.008693,202601,Espana,0803,5924437.47,6712013.34
2026-08-31T22:21:00.008707,202601,PaisesBajos,0803,38639761.1,49636121.86
2026-08-31T22:21:00.008715,202601,Espana,0803,5949668.97,6723038.34
2026-08-31T22:21:00.008730,202601,PaisesBajos,0803,887.44,315.0
2026-08-31T22:21:00.008734,202601,Espana,0803,25231.5,11025.0
2026-08-31T22:21:00.008739,202601,PaisesBajos,0803,887.44,315.0
2026-08-31T22:21:00.008743,202601,Espana,0803,25231.5,11025.0
2026-08-31T22:21:00.008754,202601,PaisesBajos,0803,38638873.66,49635806.86
2026-08-31T22:21:00.008761,202601,PaisesBajos,0803,38639761.1,49636121.86
2026-08-31T22:21:00.008767,202601,Espana,0803,5949668.97,6723038.34
2026-08-31T22:21:00.008774,202601,Espana,0803,5924437.47,6712013.34
2026-08-31T22:21:00.008786,202601,PaisesBajos,0803,38638873.66,49635806.86
2026-08-31T22:21:00.008792,202601,Espana,0803,5924437.47,6712013.34
2026-08-31T22:21:00.008804,202601,PaisesBajos,0803,38639761.1,49636121.86
2026-08-31T22:21:00.008809,202601,Espana,0803,5949668.97,6723038.34
2026-08-31T22:21:00.008820,202601,PaisesBajos,0803,38639761.1,49636121.86
2026-08-31T22:21:00.008826,202601,Espana,0803,5949668.97,6723038.34
2026-08-31T22:21:07.527548,202602,PaisesBajos,0803,921.5,360.0
2026-08-31T22:21:07.527577,202602,Espana,0803,37434.6,14580.0
2026-08-31T22:21:07.527586,202602,PaisesBajos,0803,921.5,360.0
2026-08-31T22:21:07.527594,202602,Espana,0803,37434.6,14580.0
2026-08-31T22:21:07.527604,202602,PaisesBajos,0803,34166466.66,46140440.9
2026-08-31T22:21:07.527623,202602,Espana,0803,4365524.53,5757684.57
2026-08-31T22:21:07.527641,202602,PaisesBajos,0803,34166466.66,46140440.9
2026-08-31T22:21:07.527657,202602,Espana,0803,4365524.53,5757684.57
2026-08-31T22:21:07.527673,202602,Espana,0803,4402959.13,5772264.57
2026-08-31T22:21:07.527682,202602,PaisesBajos,0803,34167388.16,46140800.9
2026-08-31T22:21:07.527708,202602,PaisesBajos,0803,34167388.16,46140800.9
2026-08-31T22:21:07.527729,202602,Espana,0803,4402959.13,5772264.57
2026-08-31T22:21:07.527742,202602,Espana,0803,37434.6,14580.0
2026-08-31T22:21:07.527750,202602,PaisesBajos,0803,921.5,360.0
2026-08-31T22:21:07.527757,202602,Espana,0803,37434.6,14580.0
2026-08-31T22:21:07.527764,202602,PaisesBajos,0803,921.5,360.0
2026-08-31T22:21:07.527777,202602,Espana,0803,4365524.53,5757684.57
2026-08-31T22:21:07.527795,202602,PaisesBajos,0803,34166466.66,46140440.9
2026-08-31T22:21:07.527807,202602,Espana,0803,4365524.53,5757684.57
2026-08-31T22:21:07.527826,202602,PaisesBajos,0803,34166466.66,46140440.9
2026-08-31T22:21:07.527835,202602,Espana,0803,4402959.13,5772264.57
2026-08-31T22:21:07.527858,202602,PaisesBajos,0803,34167388.16,46140800.9
2026-08-31T22:21:07.527881,202602,PaisesBajos,0803,34167388.16,46140800.9
2026-08-31T22:21:07.527888,202602,Espana,0803,4402959.13,5772264.57
2026-08-31T22:21:15.102351,202603,PaisesBajos,0803,18289.74,10399.9
2026-08-31T22:21:15.102374,202603,Espana,0803,38053.8,13520.0
2026-08-31T22:21:15.102380,202603,PaisesBajos,0803,18289.74,10399.9
2026-08-31T22:21:15.102384,202603,Espana,0803,38053.8,13520.0
2026-08-31T22:21:15.102390,202603,PaisesBajos,0803,29732739.06,42681307.512
2026-08-31T22:21:15.102396,202603,Espana,0803,5069317.23,6699802.37
2026-08-31T22:21:15.102409,202603,PaisesBajos,0803,29732739.06,42681307.512
2026-08-31T22:21:15.102415,202603,Espana,0803,5069317.23,6699802.37
2026-08-31T22:21:15.102428,202603,PaisesBajos,0803,29751028.8,42691707.412
2026-08-31T22:21:15.102434,202603,Espana,0803,5107371.03,6713322.37
2026-08-31T22:21:15.102446,202603,PaisesBajos,0803,29751028.8,42691707.412
2026-08-31T22:21:15.102452,202603,Espana,0803,5107371.03,6713322.37
2026-08-31T22:21:15.102467,202603,PaisesBajos,0803,18289.74,10399.9
2026-08-31T22:21:15.102471,202603,Espana,0803,38053.8,13520.0
2026-08-31T22:21:15.102476,202603,PaisesBajos,0803,18289.74,10399.9
2026-08-31T22:21:15.102480,202603,Espana,0803,38053.8,13520.0
2026-08-31T22:21:15.102485,202603,PaisesBajos,0803,29732739.06,42681307.512
2026-08-31T22:21:15.102490,202603,Espana,0803,5069317.23,6699802.37
2026-08-31T22:21:15.102503,202603,PaisesBajos,0803,29732739.06,42681307.512
2026-08-31T22:21:15.102509,202603,Espana,0803,5069317.23,6699802.37
2026-08-31T22:21:15.102522,202603,PaisesBajos,0803,29751028.8,42691707.412
2026-08-31T22:21:15.102530,202603,Espana,0803,5107371.03,6713322.37
2026-08-31T22:21:15.102541,202603,PaisesBajos,0803,29751028.8,42691707.412
2026-08-31T22:21:15.102547,202603,Espana,0803,5107371.03,6713322.37
